Workbook
Name Bausumme: Start!$C$6

Sheet Start
B2: Lean Construction — Vertragsbewertungs-Tool
B3: Bewertung vertraglicher Maßnahmen nach Verbesserungspotenzial & Implementierungskosten
B5: 🏗 PROJEKTEINGABE — Bausumme (KG 200-700 netto, in €)
B6: Bausumme (netto, €): | C6: 120000000 | D6: ← hier eingeben
B7: ⚠ Hinweis: Implementierungskosten sind Schätzwerte aus Praxisberichten (kein RCT-Nachweis). Transparenzhinweis im Blatt 'Quellennachweis'.
B9: 📋 Arbeitsblätter
B10: 1 · Bauvertrag (VOB) — Lean-Maßnahmen mit Potenzial & Implementierungskosten
B11: 2 · Planervertrag (VgV-HOAI) — Lean-Maßnahmen mit Potenzial & Implementierungskosten
B12: 3 · Gesamtbewertung — Zusammenfassung + Diagramm
B13: 4 · Quellennachweis — Empirische Grundlage & Transparenzhinweise
B15: 🔧 Bedienhinweise
B16: → Bausumme oben eingeben (Zelle C6) — alle €-Werte berechnen sich automatisch
B17: → In den Bewertungsblättern: Maßnahmen per Dropdown aktivieren (Ja / Teilweise / Nein)
B18: → Blaue Felder = Eingaben (Bausumme, Aktivierung, Gewichtung, Von/Bis-Werte anpassbar)
B19: → Schwarze Felder = Berechnungen (automatisch, nicht überschreiben)
B20: → Implementierungskosten (€) = % der Bausumme × eingegebene Bausumme
... B27: Quellen: LCI/IPDA (Cheng & Johnson 2016) · El Asmar et al. (2013) · KIT Gehbauer (2009) · IPA-Zentrum Deutschland (2022) · GLCI/VDI 2553 · LUTZ|ABEL/LC-Akademie 2020

Sheet Bauvertrag (VOB)
B2: Bewertungstool: Lean-Maßnahmen im Bauvertrag (VOB)
B3: Verbesserungspotenziale & Implementierungskosten — Bausumme auf Blatt 'Start' eingeben ▶ Blau = Eingaben anpassbar | Teal = Impl.-Kosten
B5: Kategorie / Maßnahme | E5: Aktivierung | F5: Termintreue (%) | I5: Kostentreue (%) | L5: Nachtragsred. (%) | O5: Planungsqualität (%) | R5: Konfliktred. (%) | U5: Gew. | V5: Implementierungskosten (Schätzwert — Praxisberichte) | Z5: Quellennachweis
B6: Kategorie | C6: Maßnahme | D6: Erläuterung | E6: Ja/Teilw./Nein | F6: Von % | G6: Bis % | H6: Akt. | I6: Von % | J6: Bis % | K6: Akt. | L6: Von % | M6: Bis % | N6: Akt. | O6: Von % | P6: Bis % | Q6: Akt. | R6: Von % | S6: Bis % | T6: Akt. | U6: 0-1 | V6: Einmalig % Bausumme | W6: Laufend % Bausumme | X6: Gesamt € absolut (bei akt. Bausumme) | Y6: Einordnung | Z6: Studie / Quelle
B7: 1 · Planungsmethodik | C7: Last Planner System (LPS) | D7: Verpflichtende LPS-Anwendung vertraglich verankert (Pull Planning, Weekly Work Plan, PPC-Messung) | E7: Ja | F7: 0.15 | G7: 0.3 | H7: =IF(E7="Ja",(F7+G7)/2,IF(E7="Teilweise",(F7+G7)/4,0)) -> 0.225 | I7: 0.05 | J7: 0.12 | K7: =IF(E7="Ja",(I7+J7)/2,IF(E7="Teilweise",(I7+J7)/4,0)) -> 0.085 | L7: 0.1 | M7: 0.2 | N7: =IF(E7="Ja",(L7+M7)/2,IF(E7="Teilweise",(L7+M7)/4,0)) -> 0.15 | O7: 0.1 | P7: 0.2 | Q7: =IF(E7="Ja",(O7+P7)/2,IF(E7="Teilweise",(O7+P7)/4,0)) -> 0.15 | R7: 0.08 | S7: 0.15 | T7: =IF(E7="Ja",(R7+S7)/2,IF(E7="Teilweise",(R7+S7)/4,0)) -> 0.115 | U7: 0.9 | V7: 0.001 | W7: 0.0025 | X7: =IFERROR(IF(E7="Ja",(V7+W7)*Bausumme,IF(E7="Teilweise",(V7+W7)*Bausumme*0.6,0)),0) -> 420000 | Y7: niedrig (Schulung + Moderation) | Z7: Fernández-Solís et al. 2015 (TAMU); LCI/IPDA Cheng & Johnson 2016
B8: 1 · Planungsmethodik | C8: Taktplanung / Takt-Steuerung | D8: Ablaufplanung nach Taktprinzip (gleiche Taktzeiten je Abschnitt) vertraglich als Planungspflicht | E8: Teilweise | F8: 0.1 | G8: 0.25 | H8: =IF(E8="Ja",(F8+G8)/2,IF(E8="Teilweise",(F8+G8)/4,0)) -> 0.0875 | I8: 0.05 | J8: 0.15 | K8: =IF(E8="Ja",(I8+J8)/2,IF(E8="Teilweise",(I8+J8)/4,0)) -> 0.05 | L8: 0.05 | M8: 0.12 | N8: =IF(E8="Ja",(L8+M8)/2,IF(E8="Teilweise",(L8+M8)/4,0)) -> 0.0425 | O8: 0.08 | P8: 0.18 | Q8: =IF(E8="Ja",(O8+P8)/2,IF(E8="Teilweise",(O8+P8)/4,0)) -> 0.065 | R8: 0.05 | S8: 0.1 | T8: =IF(E8="Ja",(R8+S8)/2,IF(E8="Teilweise",(R8+S8)/4,0)) -> 0.0375 | U8: 0.7 | V8: 0.0008 | W8: 0.002 | X8: =IFERROR(IF(E8="Ja",(V8+W8)*Bausumme,IF(E8="Teilweise",(V8+W8)*Bausumme*0.6,0)),0) -> 201600 | Y8: niedrig (Workshop + Steuerung) | Z8: KIT Gehbauer 2009; Dlouhy et al. IGLC 2016
B9: 1 · Planungsmethodik | C9: Big Room / Co-Location | D9: Verpflichtende Nutzung eines gemeinsamen Projektraums für alle Schlüsselgewerke | E9: Teilweise | F9: 0.08 | G9: 0.18 | H9: =IF(E9="Ja",(F9+G9)/2,IF(E9="Teilweise",(F9+G9)/4,0)) -> 0.065 | I9: 0.03 | J9: 0.1 | K9: =IF(E9="Ja",(I9+J9)/2,IF(E9="Teilweise",(I9+J9)/4,0)) -> 0.0325 | L9: 0.05 | M9: 0.15 | N9: =IF(E9="Ja",(L9+M9)/2,IF(E9="Teilweise",(L9+M9)/4,0)) -> 0.05 | O9: 0.05 | P9: 0.15 | Q9: =IF(E9="Ja",(O9+P9)/2,IF(E9="Teilweise",(O9+P9)/4,0)) -> 0.05 | R9: 0.1 | S9: 0.2 | T9: =IF(E9="Ja",(R9+S9)/2,IF(E9="Teilweise",(R9+S9)/4,0)) -> 0.075 | U9: 0.6 | V9: 0.0005 | W9: 0.003 | X9: =IFERROR(IF(E9="Ja",(V9+W9)*Bausumme,IF(E9="Teilweise",(V9+W9)*Bausumme*0.6,0)),0) -> 252000 | Y9: mittel (Raumkosten + Präsenz) | Z9: LCI/IPDA Cheng & Johnson 2016; IPA-Zentrum Deutschland 2022
B10: 2 · Vergütung & Anreize | C10: Bonus/Malus-Klausel (Termin) | D10: Vergütungsanreiz bei Unterschreitung Bauzeit / Malus bei Überschreitung, vertraglich festgelegt | E10: Teilweise | F10: 0.1 | G10: 0.2 | H10: =IF(E10="Ja",(F10+G10)/2,IF(E10="Teilweise",(F10+G10)/4,0)) -> 0.075 | I10: 0.03 | J10: 0.08 | K10: =IF(E10="Ja",(I10+J10)/2,IF(E10="Teilweise",(I10+J10)/4,0)) -> 0.0275 | L10: 0.03 | M10: 0.08 | N10: =IF(E10="Ja",(L10+M10)/2,IF(E10="Teilweise",(L10+M10)/4,0)) -> 0.0275 | O10: 0.02 | P10: 0.06 | Q10: =IF(E10="Ja",(O10+P10)/2,IF(E10="Teilweise",(O10+P10)/4,0)) -> 0.02 | R10: 0.02 | S10: 0.05 | T10: =IF(E10="Ja",(R10+S10)/2,IF(E10="Teilweise",(R10+S10)/4,0)) -> 0.0175 | U10: 0.7 | V10: 0.0003 | W10: 0.0005 | X10: =IFERROR(IF(E10="Ja",(V10+W10)*Bausumme,IF(E10="Teilweise",(V10+W10)*Bausumme*0.6,0)),0) -> 57600 | Y10: gering (Vertragsgestaltung) | Z10: RiskConsult 2022 (A-Nord IPA); PwC IPA-Report 2022
B11: 2 · Vergütung & Anreize | C11: Bonus/Malus-Klausel (Kosten/Qualität) | D11: Anreizstruktur für Kosteneinsparung und Qualitätsziele (PPC-Zielwert, Mängelquote) | E11: Nein | F11: 0.05 | G11: 0.12 | H11: =IF(E11="Ja",(F11+G11)/2,IF(E11="Teilweise",(F11+G11)/4,0)) -> 0 | I11: 0.08 | J11: 0.18 | K11: =IF(E11="Ja",(I11+J11)/2,IF(E11="Teilweise",(I11+J11)/4,0)) -> 0 | L11: 0.05 | M11: 0.12 | N11: =IF(E11="Ja",(L11+M11)/2,IF(E11="Teilweise",(L11+M11)/4,0)) -> 0 | O11: 0.05 | P11: 0.15 | Q11: =IF(E11="Ja",(O11+P11)/2,IF(E11="Teilweise",(O11+P11)/4,0)) -> 0 | R11: 0.03 | S11: 0.08 | T11: =IF(E11="Ja",(R11+S11)/2,IF(E11="Teilweise",(R11+S11)/4,0)) -> 0 | U11: 0.7 | V11: 0.0004 | W11: 0.0006 | X11: =IFERROR(IF(E11="Ja",(V11+W11)*Bausumme,IF(E11="Teilweise",(V11+W11)*Bausumme*0.6,0)),0) -> 0 | Y11: gering (KPI-Monitoring) | Z11: El Asmar, Hanna & Loh 2013 (JCEM); IPA-Zentrum Deutschland 2022
B12: 2 · Vergütung & Anreize | C12: GMP-Vertrag (Guaranteed Maximum Price) | D12: Vereinbarung einer Kostenobergrenze mit Gain-Sharing bei Unterschreitung (privater AG) | E12: Nein | F12: 0.05 | G12: 0.15 | H12: =IF(E12="Ja",(F12+G12)/2,IF(E12="Teilweise",(F12+G12)/4,0)) -> 0 | I12: 0.1 | J12: 0.2 | K12: =IF(E12="Ja",(I12+J12)/2,IF(E12="Teilweise",(I12+J12)/4,0)) -> 0 | L12: 0.1 | M12: 0.2 | N12: =IF(E12="Ja",(L12+M12)/2,IF(E12="Teilweise",(L12+M12)/4,0)) -> 0 | O12: 0.03 | P12: 0.1 | Q12: =IF(E12="Ja",(O12+P12)/2,IF(E12="Teilweise",(O12+P12)/4,0)) -> 0 | R12: 0.05 | S12: 0.12 | T12: =IF(E12="Ja",(R12+S12)/2,IF(E12="Teilweise",(R12+S12)/4,0)) -> 0 | U12: 0.6 | V12: 0.0008 | W12: 0.001 | X12: =IFERROR(IF(E12="Ja",(V12+W12)*Bausumme,IF(E12="Teilweise",(V12+W12)*Bausumme*0.6,0)),0) -> 0 | Y12: mittel (Open-Book-Buchführung) | Z12: Baumensch.de IPA-Analyse 2024; Lean Construction Blog (Darrington 2011)
B13: 3 · Frühe Integration | C13: Early Contractor Involvement (ECI) | D13: Einbindung des AN bereits in LP 3/4 (Entwurfs-/Genehmigungsplanung) zur konstruktiven Beratung | E13: Nein | F13: 0.08 | G13: 0.18 | H13: =IF(E13="Ja",(F13+G13)/2,IF(E13="Teilweise",(F13+G13)/4,0)) -> 0 | I13: 0.05 | J13: 0.15 | K13: =IF(E13="Ja",(I13+J13)/2,IF(E13="Teilweise",(I13+J13)/4,0)) -> 0 | L13: 0.1 | M13: 0.22 | N13: =IF(E13="Ja",(L13+M13)/2,IF(E13="Teilweise",(L13+M13)/4,0)) -> 0 | O13: 0.1 | P13: 0.2 | Q13: =IF(E13="Ja",(O13+P13)/2,IF(E13="Teilweise",(O13+P13)/4,0)) -> 0 | R13: 0.08 | S13: 0.18 | T13: =IF(E13="Ja",(R13+S13)/2,IF(E13="Teilweise",(R13+S13)/4,0)) -> 0 | U13: 0.8 | V13: 0.001 | W13: 0.0015 | X13: =IFERROR(IF(E13="Ja",(V13+W13)*Bausumme,IF(E13="Teilweise",(V13+W13)*Bausumme*0.6,0)),0) -> 0 | Y13: mittel (AN-Honorar Planungsphase) | Z13: RiskConsult IPA 2022; Kapellmann IPA-Leitfaden 2023
B14: 3 · Frühe Integration | C14: Target Value Design (TVD) vertraglich | D14: Zielkosten werden gemeinsam mit AN und Planer entwickelt; Planungsteam ist finanziell am Zielwert beteiligt | E14: Nein | F14: 0.05 | G14: 0.12 | H14: =IF(E14="Ja",(F14+G14)/2,IF(E14="Teilweise",(F14+G14)/4,0)) -> 0 | I14: 0.1 | J14: 0.25 | K14: =IF(E14="Ja",(I14+J14)/2,IF(E14="Teilweise",(I14+J14)/4,0)) -> 0 | L14: 0.08 | M14: 0.18 | N14: =IF(E14="Ja",(L14+M14)/2,IF(E14="Teilweise",(L14+M14)/4,0)) -> 0 | O14: 0.08 | P14: 0.18 | Q14: =IF(E14="Ja",(O14+P14)/2,IF(E14="Teilweise",(O14+P14)/4,0)) -> 0 | R14: 0.05 | S14: 0.12 | T14: =IF(E14="Ja",(R14+S14)/2,IF(E14="Teilweise",(R14+S14)/4,0)) -> 0 | U14: 0.8 | V14: 0.0012 | W14: 0.0008 | X14: =IFERROR(IF(E14="Ja",(V14+W14)*Bausumme,IF(E14="Teilweise",(V14+W14)*Bausumme*0.6,0)),0) -> 0 | Y14: mittel (Zielkostenworkshops) | Z14: Ballard 2009 (LCI); El Asmar et al. 2013; Cheng & Johnson 2016
B15: 4 · Lean-Vertragszusätze | C15: ALCA/LC-BVB (VDI 2553 konform) | D15: Auftraggeber-Lean-Construction-Anforderungen + Besondere Vertragsbedingungen nach VDI 2553 als Vertragsanlage | E15: Ja | F15: 0.08 | G15: 0.2 | H15: =IF(E15="Ja",(F15+G15)/2,IF(E15="Teilweise",(F15+G15)/4,0)) -> 0.14 | I15: 0.04 | J15: 0.12 | K15: =IF(E15="Ja",(I15+J15)/2,IF(E15="Teilweise",(I15+J15)/4,0)) -> 0.08 | L15: 0.08 | M15: 0.18 | N15: =IF(E15="Ja",(L15+M15)/2,IF(E15="Teilweise",(L15+M15)/4,0)) -> 0.13 | O15: 0.06 | P15: 0.15 | Q15: =IF(E15="Ja",(O15+P15)/2,IF(E15="Teilweise",(O15+P15)/4,0)) -> 0.105 | R15: 0.06 | S15: 0.14 | T15: =IF(E15="Ja",(R15+S15)/2,IF(E15="Teilweise",(R15+S15)/4,0)) -> 0.1 | U15: 0.8 | V15: 0.0005 | W15: 0.001 | X15: =IFERROR(IF(E15="Ja",(V15+W15)*Bausumme,IF(E15="Teilweise",(V15+W15)*Bausumme*0.6,0)),0) -> 180000 | Y15: niedrig (Vertragsdokument + LPS) | Z15: LUTZ|ABEL / Lean Const. Akademie Deutschland 2020; VDI 2553; GLCI
B16: 4 · Lean-Vertragszusätze | C16: PPC-Messung als Vertragspflicht | D16: Percent Plan Complete (PPC) wird wöchentlich gemessen und dokumentiert; Mindest-PPC vertraglich (z.B. ≥75%) | E16: Ja | F16: 0.1 | G16: 0.2 | H16: =IF(E16="Ja",(F16+G16)/2,IF(E16="Teilweise",(F16+G16)/4,0)) -> 0.15 | I16: 0.02 | J16: 0.08 | K16: =IF(E16="Ja",(I16+J16)/2,IF(E16="Teilweise",(I16+J16)/4,0)) -> 0.05 | L16: 0.03 | M16: 0.08 | N16: =IF(E16="Ja",(L16+M16)/2,IF(E16="Teilweise",(L16+M16)/4,0)) -> 0.055 | O16: 0.05 | P16: 0.12 | Q16: =IF(E16="Ja",(O16+P16)/2,IF(E16="Teilweise",(O16+P16)/4,0)) -> 0.085 | R16: 0.03 | S16: 0.08 | T16: =IF(E16="Ja",(R16+S16)/2,IF(E16="Teilweise",(R16+S16)/4,0)) -> 0.055 | U16: 0.6 | V16: 0.0002 | W16: 0.0008 | X16: =IFERROR(IF(E16="Ja",(V16+W16)*Bausumme,IF(E16="Teilweise",(V16+W16)*Bausumme*0.6,0)),0) -> 120000 | Y16: gering (Dokumentationsaufwand) | Z16: LCI Last Planner System Handbook; Viana et al. IGLC 2010
B17: 5 · Kollaboration & Streit | C17: Interne Konfliktlösung (stufenweise Eskalation) | D17: Vertraglich definierte Eskalationsstufen (Projektebene → GF → Mediation) vor Klageweg | E17: Ja | F17: 0.03 | G17: 0.08 | H17: =IF(E17="Ja",(F17+G17)/2,IF(E17="Teilweise",(F17+G17)/4,0)) -> 0.055 | I17: 0.02 | J17: 0.06 | K17: =IF(E17="Ja",(I17+J17)/2,IF(E17="Teilweise",(I17+J17)/4,0)) -> 0.04 | L17: 0.05 | M17: 0.12 | N17: =IF(E17="Ja",(L17+M17)/2,IF(E17="Teilweise",(L17+M17)/4,0)) -> 0.085 | O17: 0.03 | P17: 0.08 | Q17: =IF(E17="Ja",(O17+P17)/2,IF(E17="Teilweise",(O17+P17)/4,0)) -> 0.055 | R17: 0.2 | S17: 0.4 | T17: =IF(E17="Ja",(R17+S17)/2,IF(E17="Teilweise",(R17+S17)/4,0)) -> 0.3 | U17: 0.7 | V17: 0.0003 | W17: 0.0003 | X17: =IFERROR(IF(E17="Ja",(V17+W17)*Bausumme,IF(E17="Teilweise",(V17+W17)*Bausumme*0.6,0)),0) -> 72000 | Y17: gering (Vertragsklausel) | Z17: IPA-Zentrum Charakteristikum 7 (2024); Kapellmann IPA 2023
B18: 5 · Kollaboration & Streit | C18: No-Blame-Kultur / Partnering-Vereinbarung | D18: Projektallianz-Charta oder Partnering-Vereinbarung als Vertragsbestandteil (Best-for-Project) | E18: Ja | F18: 0.03 | G18: 0.1 | H18: =IF(E18="Ja",(F18+G18)/2,IF(E18="Teilweise",(F18+G18)/4,0)) -> 0.065 | I18: 0.02 | J18: 0.08 | K18: =IF(E18="Ja",(I18+J18)/2,IF(E18="Teilweise",(I18+J18)/4,0)) -> 0.05 | L18: 0.05 | M18: 0.15 | N18: =IF(E18="Ja",(L18+M18)/2,IF(E18="Teilweise",(L18+M18)/4,0)) -> 0.1 | O18: 0.05 | P18: 0.12 | Q18: =IF(E18="Ja",(O18+P18)/2,IF(E18="Teilweise",(O18+P18)/4,0)) -> 0.085 | R18: 0.15 | S18: 0.3 | T18: =IF(E18="Ja",(R18+S18)/2,IF(E18="Teilweise",(R18+S18)/4,0)) -> 0.225 | U18: 0.6 | V18: 0.0004 | W18: 0.0005 | X18: =IFERROR(IF(E18="Ja",(V18+W18)*Bausumme,IF(E18="Teilweise",(V18+W18)*Bausumme*0.6,0)),0) -> 108000 | Y18: gering (Workshops + Coach) | Z18: BG BAU Bauportal 2020 (Rodde); DAB 03.2023 (Mattern/Baureis)
... B20: 7 · IPA-Vollmodell | C20: IPA-Mehrparteienvertrag (vollständig) | D20: Vollständiger IPA-MPV mit allen 8 GLCI-Charakteristika: ECI, Open Book, Zielkosten, Pain/Gain, Big Room, LPS, Konfliktlösung, Haftungsausschluss | E20: Nein | F20: 0.35 | G20: 0.6 | H20: =IF(E20="Ja",(F20+G20)/2,IF(E20="Teilweise",(F20+G20)/4,0)) -> 0 | I20: 0.15 | J20: 0.3 | K20: =IF(E20="Ja",(I20+J20)/2,IF(E20="Teilweise",(I20+J20)/4,0)) -> 0 | L20: 0.3 | M20: 0.55 | N20: =IF(E20="Ja",(L20+M20)/2,IF(E20="Teilweise",(L20+M20)/4,0)) -> 0 | O20: 0.2 | P20: 0.4 | Q20: =IF(E20="Ja",(O20+P20)/2,IF(E20="Teilweise",(O20+P20)/4,0)) -> 0 | R20: 0.3 | S20: 0.6 | T20: =IF(E20="Ja",(R20+S20)/2,IF(E20="Teilweise",(R20+S20)/4,0)) -> 0 | U20: 1 | V20: 0.004 | W20: 0.008 | X20: =IFERROR(IF(E20="Ja",(V20+W20)*Bausumme,IF(E20="Teilweise",(V20+W20)*Bausumme*0.6,0)),0) -> 0 | Y20: hoch (Vollsystem IPA) Netto-Effekt positiv (El Asmar 2013) | Z20: IPA-Leitfaden 2020 (GLCI); El Asmar 2013: 'no significant cost premium'; DAB 03.2023
B22: ⬛ GESAMTPOTENZIAL (gewichteter Ø aller aktiven Maßnahmen) | H22: =IFERROR(SUMPRODUCT((H7:H20)*(U7:U20)*((E7:E20<>"Nein")*1))/SUMPRODUCT((U7:U20)*((E7:E20<>"Nein")*1)),0) -> 0.10630952 | K22: =IFERROR(SUMPRODUCT((K7:K20)*(U7:U20)*((E7:E20<>"Nein")*1))/SUMPRODUCT((U7:U20)*((E7:E20<>"Nein")*1)),0) -> 0.051587302 | N22: =IFERROR(SUMPRODUCT((N7:N20)*(U7:U20)*((E7:E20<>"Nein")*1))/SUMPRODUCT((U7:U20)*((E7:E20<>"Nein")*1)),0) -> 0.081904762 | Q22: =IFERROR(SUMPRODUCT((Q7:Q20)*(U7:U20)*((E7:E20<>"Nein")*1))/SUMPRODUCT((U7:U20)*((E7:E20<>"Nein")*1)),0) -> 0.080992063 | T22: =IFERROR(SUMPRODUCT((T7:T20)*(U7:U20)*((E7:E20<>"Nein")*1))/SUMPRODUCT((U7:U20)*((E7:E20<>"Nein")*1)),0) -> 0.10710317 | V22: Gesamt-Implementierungskosten (aktive Maßnahmen): | X22: =IFERROR(SUM(X7:X20),0) -> 1663200 | Y22: =IFERROR(X22/Bausumme,0) -> 0.01386 | Z22: → Gewichteter Ø der aktivierten Maßnahmen | Impl.-Kosten: Summe aktiver Maßnahmen

Sheet Planervertrag (VgV-HOAI)
B2: Bewertungstool: Lean-Maßnahmen im Planervertrag (VgV / HOAI)
B3: Verbesserungspotenziale & Implementierungskosten — Bausumme auf Blatt 'Start' eingeben ▶ Blau = Eingaben anpassbar | Teal = Impl.-Kosten
B5: Kategorie / Maßnahme | E5: Aktivierung | F5: Termintreue (%) | I5: Kostentreue (%) | L5: Nachtragsred. (%) | O5: Planungsqualität (%) | R5: Konfliktred. (%) | U5: Gew. | V5: Implementierungskosten (Schätzwert — Praxisberichte) | Z5: Quellennachweis
B6: Kategorie | C6: Maßnahme | D6: Erläuterung | E6: Ja/Teilw./Nein | F6: Von % | G6: Bis % | H6: Akt. | I6: Von % | J6: Bis % | K6: Akt. | L6: Von % | M6: Bis % | N6: Akt. | O6: Von % | P6: Bis % | Q6: Akt. | R6: Von % | S6: Bis % | T6: Akt. | U6: 0-1 | V6: Einmalig % Bausumme | W6: Laufend % Bausumme | X6: Gesamt € absolut (bei akt. Bausumme) | Y6: Einordnung | Z6: Studie / Quelle
B7: 1 · Leistungsbild | C7: Zielorientierte Leistungsvereinbarung (statt HOAI-Phasenbindung) | D7: Leistungsinhalt wird ergebnis- und zielorientiert definiert; HOAI dient nur noch als Honorarorientierung (§ 650p BGB) | E7: Ja | F7: 0.05 | G7: 0.15 | H7: =IF(E7="Ja",(F7+G7)/2,IF(E7="Teilweise",(F7+G7)/4,0)) -> 0.1 | I7: 0.05 | J7: 0.12 | K7: =IF(E7="Ja",(I7+J7)/2,IF(E7="Teilweise",(I7+J7)/4,0)) -> 0.085 | L7: 0.08 | M7: 0.18 | N7: =IF(E7="Ja",(L7+M7)/2,IF(E7="Teilweise",(L7+M7)/4,0)) -> 0.13 | O7: 0.08 | P7: 0.18 | Q7: =IF(E7="Ja",(O7+P7)/2,IF(E7="Teilweise",(O7+P7)/4,0)) -> 0.13 | R7: 0.05 | S7: 0.12 | T7: =IF(E7="Ja",(R7+S7)/2,IF(E7="Teilweise",(R7+S7)/4,0)) -> 0.085 | U7: 0.8 | V7: 0.0004 | W7: 0.0003 | X7: =IFERROR(IF(E7="Ja",(V7+W7)*Bausumme,IF(E7="Teilweise",(V7+W7)*Bausumme*0.6,0)),0) -> 84000 | Y7: gering (Vertragsgestaltung §650p) | Z7: § 650p BGB (2018); DAB 03.2023 (Mattern/Baureis)
B8: 1 · Leistungsbild | C8: Stufenvertrag mit ECI-Option | D8: Planervertrag mit definierten Abrufoptionen je Phase; ECI durch frühzeitigen AN-Abruf in LP 2/3 möglich | E8: Ja | F8: 0.05 | G8: 0.12 | H8: =IF(E8="Ja",(F8+G8)/2,IF(E8="Teilweise",(F8+G8)/4,0)) -> 0.085 | I8: 0.05 | J8: 0.12 | K8: =IF(E8="Ja",(I8+J8)/2,IF(E8="Teilweise",(I8+J8)/4,0)) -> 0.085 | L8: 0.05 | M8: 0.14 | N8: =IF(E8="Ja",(L8+M8)/2,IF(E8="Teilweise",(L8+M8)/4,0)) -> 0.095 | O8: 0.05 | P8: 0.14 | Q8: =IF(E8="Ja",(O8+P8)/2,IF(E8="Teilweise",(O8+P8)/4,0)) -> 0.095 | R8: 0.03 | S8: 0.08 | T8: =IF(E8="Ja",(R8+S8)/2,IF(E8="Teilweise",(R8+S8)/4,0)) -> 0.055 | U8: 0.7 | V8: 0.0005 | W8: 0.0004 | X8: =IFERROR(IF(E8="Ja",(V8+W8)*Bausumme,IF(E8="Teilweise",(V8+W8)*Bausumme*0.6,0)),0) -> 108000 | Y8: gering (Stufenvertrag VgV) | Z8: VgV § 14 Abs. 4; Kapellmann IPA; BAK Praxisleitfaden 2021
B9: 1 · Leistungsbild | C9: Lean als Besondere Leistung (ALCA-Anlage) | D9: LPS, Pull Planning, TVD-Mitwirkung als Besondere Leistung nach HOAI §3 Abs. 3 vertraglich vereinbart und honoriert | E9: Ja | F9: 0.08 | G9: 0.18 | H9: =IF(E9="Ja",(F9+G9)/2,IF(E9="Teilweise",(F9+G9)/4,0)) -> 0.13 | I9: 0.03 | J9: 0.1 | K9: =IF(E9="Ja",(I9+J9)/2,IF(E9="Teilweise",(I9+J9)/4,0)) -> 0.065 | L9: 0.06 | M9: 0.14 | N9: =IF(E9="Ja",(L9+M9)/2,IF(E9="Teilweise",(L9+M9)/4,0)) -> 0.1 | O9: 0.06 | P9: 0.15 | Q9: =IF(E9="Ja",(O9+P9)/2,IF(E9="Teilweise",(O9+P9)/4,0)) -> 0.105 | R9: 0.05 | S9: 0.12 | T9: =IF(E9="Ja",(R9+S9)/2,IF(E9="Teilweise",(R9+S9)/4,0)) -> 0.085 | U9: 0.8 | V9: 0.0005 | W9: 0.0012 | X9: =IFERROR(IF(E9="Ja",(V9+W9)*Bausumme,IF(E9="Teilweise",(V9+W9)*Bausumme*0.6,0)),0) -> 204000 | Y9: niedrig (ALCA + BL-Honorar) | Z9: LUTZ|ABEL/Lean Const. Akademie 2020 (ALCA/LC-BVB); VDI 2553
B10: 2 · Honorar & Anreize | C10: Erfolgsbeteiligung bei Kostenunterschreitung | D10: Planer erhält prozentualen Anteil an Kosteneinsparung gegenüber vereinbartem Zielkostenwert (§ 650p BGB) | E10: Nein | F10: 0.03 | G10: 0.08 | H10: =IF(E10="Ja",(F10+G10)/2,IF(E10="Teilweise",(F10+G10)/4,0)) -> 0 | I10: 0.08 | J10: 0.18 | K10: =IF(E10="Ja",(I10+J10)/2,IF(E10="Teilweise",(I10+J10)/4,0)) -> 0 | L10: 0.05 | M10: 0.12 | N10: =IF(E10="Ja",(L10+M10)/2,IF(E10="Teilweise",(L10+M10)/4,0)) -> 0 | O10: 0.05 | P10: 0.12 | Q10: =IF(E10="Ja",(O10+P10)/2,IF(E10="Teilweise",(O10+P10)/4,0)) -> 0 | R10: 0.03 | S10: 0.08 | T10: =IF(E10="Ja",(R10+S10)/2,IF(E10="Teilweise",(R10+S10)/4,0)) -> 0 | U10: 0.7 | V10: 0.0004 | W10: 0.0005 | X10: =IFERROR(IF(E10="Ja",(V10+W10)*Bausumme,IF(E10="Teilweise",(V10+W10)*Bausumme*0.6,0)),0) -> 0 | Y10: gering (Erfolgsbonus-Regelung) | Z10: § 650p BGB; Ballard TVD 2009
B11: 2 · Honorar & Anreize | C11: IPA-Vergütung (Selbstkosten + Overhead + Bonus/Malus) | D11: Honorar als Kostenerstattung (Aufwand) + definierter Overhead-Zuschlag; HOAI-Tabellenwerte entfallen; CRP-Beteiligung | E11: Nein | F11: 0.08 | G11: 0.18 | H11: =IF(E11="Ja",(F11+G11)/2,IF(E11="Teilweise",(F11+G11)/4,0)) -> 0 | I11: 0.1 | J11: 0.22 | K11: =IF(E11="Ja",(I11+J11)/2,IF(E11="Teilweise",(I11+J11)/4,0)) -> 0 | L11: 0.15 | M11: 0.3 | N11: =IF(E11="Ja",(L11+M11)/2,IF(E11="Teilweise",(L11+M11)/4,0)) -> 0 | O11: 0.1 | P11: 0.22 | Q11: =IF(E11="Ja",(O11+P11)/2,IF(E11="Teilweise",(O11+P11)/4,0)) -> 0 | R11: 0.1 | S11: 0.22 | T11: =IF(E11="Ja",(R11+S11)/2,IF(E11="Teilweise",(R11+S11)/4,0)) -> 0 | U11: 1 | V11: 0.002 | W11: 0.003 | X11: =IFERROR(IF(E11="Ja",(V11+W11)*Bausumme,IF(E11="Teilweise",(V11+W11)*Bausumme*0.6,0)),0) -> 0 | Y11: hoch (Open-Book-System) Netto-Effekt positiv | Z11: DAB 05.2023 (Mattern/Baureis Kapellmann); IPA-Zentrum 2022
B12: 3 · Koordination | C12: BIM-Koordinationspflicht (AIA/BAP) vertraglich | D12: Planer ist vertraglich verpflichtet, BIM-Modell zu führen, Kollisionsprüfungen durchzuführen und zu protokollieren | E12: Teilweise | F12: 0.05 | G12: 0.12 | H12: =IF(E12="Ja",(F12+G12)/2,IF(E12="Teilweise",(F12+G12)/4,0)) -> 0.0425 | I12: 0.03 | J12: 0.08 | K12: =IF(E12="Ja",(I12+J12)/2,IF(E12="Teilweise",(I12+J12)/4,0)) -> 0.0275 | L12: 0.08 | M12: 0.18 | N12: =IF(E12="Ja",(L12+M12)/2,IF(E12="Teilweise",(L12+M12)/4,0)) -> 0.065 | O12: 0.12 | P12: 0.25 | Q12: =IF(E12="Ja",(O12+P12)/2,IF(E12="Teilweise",(O12+P12)/4,0)) -> 0.0925 | R12: 0.05 | S12: 0.12 | T12: =IF(E12="Ja",(R12+S12)/2,IF(E12="Teilweise",(R12+S12)/4,0)) -> 0.0425 | U12: 0.8 | V12: 0.0012 | W12: 0.0018 | X12: =IFERROR(IF(E12="Ja",(V12+W12)*Bausumme,IF(E12="Teilweise",(V12+W12)*Bausumme*0.6,0)),0) -> 216000 | Y12: mittel (BIM-Management) | Z12: LUTZ|ABEL 2020; Springeropen Systematic Review 2025; BBR BIM-Leitfaden
B13: 3 · Koordination | C13: Interdisziplinäre Pull-Planning-Teilnahme (Planer) | D13: Vertraglich verpflichtende Teilnahme aller Fachplaner an Pull-Planning-Workshops (mind. monatlich) | E13: Ja | F13: 0.08 | G13: 0.18 | H13: =IF(E13="Ja",(F13+G13)/2,IF(E13="Teilweise",(F13+G13)/4,0)) -> 0.13 | I13: 0.03 | J13: 0.08 | K13: =IF(E13="Ja",(I13+J13)/2,IF(E13="Teilweise",(I13+J13)/4,0)) -> 0.055 | L13: 0.08 | M13: 0.16 | N13: =IF(E13="Ja",(L13+M13)/2,IF(E13="Teilweise",(L13+M13)/4,0)) -> 0.12 | O13: 0.08 | P13: 0.18 | Q13: =IF(E13="Ja",(O13+P13)/2,IF(E13="Teilweise",(O13+P13)/4,0)) -> 0.13 | R13: 0.05 | S13: 0.12 | T13: =IF(E13="Ja",(R13+S13)/2,IF(E13="Teilweise",(R13+S13)/4,0)) -> 0.085 | U13: 0.7 | V13: 0.0003 | W13: 0.0012 | X13: =IFERROR(IF(E13="Ja",(V13+W13)*Bausumme,IF(E13="Teilweise",(V13+W13)*Bausumme*0.6,0)),0) -> 180000 | Y13: niedrig (Workshop-Präsenz) | Z13: LCI LPS for Design; LUTZ|ABEL ALCA 2020
B14: 3 · Koordination | C14: Big Room-Pflicht für Planungsgewerke | D14: Alle Schlüsselplaner (Objektplanung, TGA, Tragwerk) arbeiten regelmäßig im gemeinsamen Projektraum | E14: Teilweise | F14: 0.05 | G14: 0.15 | H14: =IF(E14="Ja",(F14+G14)/2,IF(E14="Teilweise",(F14+G14)/4,0)) -> 0.05 | I14: 0.03 | J14: 0.08 | K14: =IF(E14="Ja",(I14+J14)/2,IF(E14="Teilweise",(I14+J14)/4,0)) -> 0.0275 | L14: 0.05 | M14: 0.12 | N14: =IF(E14="Ja",(L14+M14)/2,IF(E14="Teilweise",(L14+M14)/4,0)) -> 0.0425 | O14: 0.08 | P14: 0.18 | Q14: =IF(E14="Ja",(O14+P14)/2,IF(E14="Teilweise",(O14+P14)/4,0)) -> 0.065 | R14: 0.08 | S14: 0.18 | T14: =IF(E14="Ja",(R14+S14)/2,IF(E14="Teilweise",(R14+S14)/4,0)) -> 0.065 | U14: 0.6 | V14: 0.0005 | W14: 0.0025 | X14: =IFERROR(IF(E14="Ja",(V14+W14)*Bausumme,IF(E14="Teilweise",(V14+W14)*Bausumme*0.6,0)),0) -> 216000 | Y14: mittel (Raumkosten + Präsenz) | Z14: IPA-Zentrum 2022; DAB 03.2023; Baumensch IPA 2024
B15: 4 · Vergaberecht (VgV) | C15: Lean-Kompetenz als Zuschlagskriterium (VgV) | D15: LPS-Erfahrung, TVD-Methodik, IPA-Referenzen als qualitative Zuschlagskriterien im VgV-Verfahren | E15: Ja | F15: 0.05 | G15: 0.12 | H15: =IF(E15="Ja",(F15+G15)/2,IF(E15="Teilweise",(F15+G15)/4,0)) -> 0.085 | I15: 0.03 | J15: 0.08 | K15: =IF(E15="Ja",(I15+J15)/2,IF(E15="Teilweise",(I15+J15)/4,0)) -> 0.055 | L15: 0.05 | M15: 0.12 | N15: =IF(E15="Ja",(L15+M15)/2,IF(E15="Teilweise",(L15+M15)/4,0)) -> 0.085 | O15: 0.05 | P15: 0.14 | Q15: =IF(E15="Ja",(O15+P15)/2,IF(E15="Teilweise",(O15+P15)/4,0)) -> 0.095 | R15: 0.03 | S15: 0.08 | T15: =IF(E15="Ja",(R15+S15)/2,IF(E15="Teilweise",(R15+S15)/4,0)) -> 0.055 | U15: 0.6 | V15: 0.0004 | W15: 0.0002 | X15: =IFERROR(IF(E15="Ja",(V15+W15)*Bausumme,IF(E15="Teilweise",(V15+W15)*Bausumme*0.6,0)),0) -> 72000 | Y15: gering (Vergabe-Vorbereitung) | Z15: BAK Praxisleitfaden 2021; VgV §127 GWB
B16: 4 · Vergaberecht (VgV) | C16: Gemeinsame Planervergabe (Losbildungsfreiheit nutzen) | D16: Objekt- und Fachplanungslose gemeinsam vergeben (Generalplaner oder ARGE) um Schnittstellenkoordination zu verbessern | E16: Teilweise | F16: 0.05 | G16: 0.12 | H16: =IF(E16="Ja",(F16+G16)/2,IF(E16="Teilweise",(F16+G16)/4,0)) -> 0.0425 | I16: 0.02 | J16: 0.08 | K16: =IF(E16="Ja",(I16+J16)/2,IF(E16="Teilweise",(I16+J16)/4,0)) -> 0.025 | L16: 0.05 | M16: 0.14 | N16: =IF(E16="Ja",(L16+M16)/2,IF(E16="Teilweise",(L16+M16)/4,0)) -> 0.0475 | O16: 0.05 | P16: 0.14 | Q16: =IF(E16="Ja",(O16+P16)/2,IF(E16="Teilweise",(O16+P16)/4,0)) -> 0.0475 | R16: 0.05 | S16: 0.12 | T16: =IF(E16="Ja",(R16+S16)/2,IF(E16="Teilweise",(R16+S16)/4,0)) -> 0.0425 | U16: 0.5 | V16: 0.0006 | W16: 0.0003 | X16: =IFERROR(IF(E16="Ja",(V16+W16)*Bausumme,IF(E16="Teilweise",(V16+W16)*Bausumme*0.6,0)),0) -> 64800 | Y16: gering (Vergabeverfahren) | Z16: BAK Rechtsgutachten 2023; § 97 Abs. 4 GWB
B17: 5 · IPA-Vollmodell (Planer) | C17: IPA-Mehrparteienvertrag inkl. Planer | D17: Planer als vollwertiger Allianzpartner im MPV; Honorar nach Aufwand + CRP-Beteiligung; HOAI entfällt; Haftungsausschluss | E17: Nein | F17: 0.3 | G17: 0.55 | H17: =IF(E17="Ja",(F17+G17)/2,IF(E17="Teilweise",(F17+G17)/4,0)) -> 0 | I17: 0.12 | J17: 0.28 | K17: =IF(E17="Ja",(I17+J17)/2,IF(E17="Teilweise",(I17+J17)/4,0)) -> 0 | L17: 0.25 | M17: 0.5 | N17: =IF(E17="Ja",(L17+M17)/2,IF(E17="Teilweise",(L17+M17)/4,0)) -> 0 | O17: 0.18 | P17: 0.38 | Q17: =IF(E17="Ja",(O17+P17)/2,IF(E17="Teilweise",(O17+P17)/4,0)) -> 0 | R17: 0.25 | S17: 0.55 | T17: =IF(E17="Ja",(R17+S17)/2,IF(E17="Teilweise",(R17+S17)/4,0)) -> 0 | U17: 1 | V17: 0.0035 | W17: 0.007 | X17: =IFERROR(IF(E17="Ja",(V17+W17)*Bausumme,IF(E17="Teilweise",(V17+W17)*Bausumme*0.6,0)),0) -> 0 | Y17: hoch (Vollsystem IPA) Netto-Effekt positiv (El Asmar 2013) | Z17: Cheng & Johnson 2016 (LCI/IPDA); El Asmar 2013; DAB 2023; IPA-Zentrum 2022
B19: ⬛ GESAMTPOTENZIAL (gewichteter Ø aller aktiven Maßnahmen) | H19: =IFERROR(SUMPRODUCT((H7:H17)*(U7:U17)*((E7:E17<>"Nein")*1))/SUMPRODUCT((U7:U17)*((E7:E17<>"Nein")*1)),0) -> 0.085590909 | K19: =IFERROR(SUMPRODUCT((K7:K17)*(U7:U17)*((E7:E17<>"Nein")*1))/SUMPRODUCT((U7:U17)*((E7:E17<>"Nein")*1)),0) -> 0.054909091 | N19: =IFERROR(SUMPRODUCT((N7:N17)*(U7:U17)*((E7:E17<>"Nein")*1))/SUMPRODUCT((U7:U17)*((E7:E17<>"Nein")*1)),0) -> 0.0885 | Q19: =IFERROR(SUMPRODUCT((Q7:Q17)*(U7:U17)*((E7:E17<>"Nein")*1))/SUMPRODUCT((U7:U17)*((E7:E17<>"Nein")*1)),0) -> 0.098045455 | T19: =IFERROR(SUMPRODUCT((T7:T17)*(U7:U17)*((E7:E17<>"Nein")*1))/SUMPRODUCT((U7:U17)*((E7:E17<>"Nein")*1)),0) -> 0.065681818 | V19: Gesamt-Implementierungskosten (aktive Maßnahmen): | X19: =IFERROR(SUM(X7:X17),0) -> 1144800 | Y19: =IFERROR(X19/Bausumme,0) -> 0.00954 | Z19: → Gewichteter Ø der aktivierten Maßnahmen | Impl.-Kosten: Summe aktiver Maßnahmen

Sheet Gesamtbewertung
B2: Gesamtbewertung — Lean-Potenziale & Implementierungskosten im Überblick
B3: Aktuelle Bausumme (aus Blatt 'Start'): | E3: =Bausumme -> 120000000 | G3: ← Bausumme auf Blatt 'Start' (Zelle C6) ändern
B5: Vertragsebene | C5: Termintreue | D5: Kostentreue | E5: Nachtragsred. | F5: Planungsqualität | G5: Konfliktred. | H5: Ø Gesamtpotenzial | I5: Impl.-Kosten (€) | J5: Impl.-Kosten (% BS)
B6: Bauvertrag (VOB) | C6: ='Bauvertrag (VOB)'!H22 -> 0.10630952 | D6: ='Bauvertrag (VOB)'!K22 -> 0.051587302 | E6: ='Bauvertrag (VOB)'!N22 -> 0.081904762 | F6: ='Bauvertrag (VOB)'!Q22 -> 0.080992063 | G6: ='Bauvertrag (VOB)'!T22 -> 0.10710317 | H6: =AVERAGE(C6:G6) -> 0.085579365 | I6: ='Bauvertrag (VOB)'!X22 -> 1663200 | J6: =IFERROR('Bauvertrag (VOB)'!Y22,0) -> 0.01386
B7: Planervertrag (VgV-HOAI) | C7: ='Planervertrag (VgV-HOAI)'!H19 -> 0.085590909 | D7: ='Planervertrag (VgV-HOAI)'!K19 -> 0.054909091 | E7: ='Planervertrag (VgV-HOAI)'!N19 -> 0.0885 | F7: ='Planervertrag (VgV-HOAI)'!Q19 -> 0.098045455 | G7: ='Planervertrag (VgV-HOAI)'!T19 -> 0.065681818 | H7: =AVERAGE(C7:G7) -> 0.078545455 | I7: ='Planervertrag (VgV-HOAI)'!X19 -> 1144800 | J7: =IFERROR('Planervertrag (VgV-HOAI)'!Y19,0) -> 0.00954
B8: ⬛ Gesamtprojekt (Bau + Planer) | C8: =AVERAGE(C6:C7) -> 0.095950216 | D8: =AVERAGE(D6:D7) -> 0.053248196 | E8: =AVERAGE(E6:E7) -> 0.085202381 | F8: =AVERAGE(F6:F7) -> 0.089518759 | G8: =AVERAGE(G6:G7) -> 0.086392496 | H8: =AVERAGE(H6:H7) -> 0.08206241 | I8: =I6+I7 -> 2808000 | J8: =IFERROR(I8/Bausumme,0) -> 0.0234
B10: 💡 Indikativer ROI-Überblick | D10: Ø Kostenpotenzial (% Bausumme): | E10: =AVERAGE(D6:D7) -> 0.053248196 | F10: Kosteneinsparung (€): | G10: =E10*Bausumme -> 6389783.5 | I10: Impl.-Kosten (€): | J10: =I8 -> 2808000
B30: Interpretationshilfe: Einordnung der Gesamtpotenzialwerte
B31: < 5 % | C31: Kaum Lean-Maßnahmen aktiv — Standard-VOB/HOAI-Niveau
B32: 5–15 % | C32: Einzelne Lean-Tools eingeführt (z.B. nur LPS oder BIM) — Lean-light
B33: 15–30 % | C33: Mehrere Lean-Maßnahmen kombiniert — moderater Lean-Standard
B34: 30–50 % | C34: Umfassende Lean-Integration inkl. ALCA/LC-BVB — fortgeschrittener Lean-Standard
B35: > 50 % | C35: IPA-Vollmodell oder vergleichbar — maximales Lean-Potenzial realisiert

Sheet Quellennachweis
B2: Quellennachweis — Empirische Grundlage der Potenzial- und Implementierungskostenwerte
B3: ⚠ TRANSPARENZHINWEIS IMPLEMENTIERUNGSKOSTEN: Die Prozentangaben für Implementierungskosten basieren auf Praxisberichten und Expertenschätzungen (LUTZ|ABEL, Kapellmann, IPA-Leitfaden 2020, IPA-Zentrum 2022), nicht auf kontrollierten Vergleichsstudien (RCT). El Asmar et al. 2013 belegt: IPD-Vollmodell erzeugt 'no significant cost premium' — Einsparungen überwiegen Implementierungskosten bei vollständiger Umsetzung. Einzelmaßnahmen (LPS, ALCA) wurden nicht isoliert quantifiziert. Werte als Orientierungsrahmen verwenden.
B5: Quelle / Studie | C5: Kernergebnis (Zusammenfassung) | D5: Dimension | E5: Potenzialspanne
B6: Cheng, R. & Johnson, A. (2016): Motivation and Means — How and Why IPD and Lean Lead to Success. LCI/IPDA. | C6: IPD+Lean-Projekte sind ~5× wahrscheinlicher on-time. Kosten i.d.R. unter Zielwert. | D6: Termin, Kosten | E6: Termin: +40–60% Kosten: +15–30%
B7: El Asmar, M., Hanna, A.S. & Loh, W.-Y. (2013): Quantifying Performance for IPD vs. DBB. JCEM Vol.139 No.11. | C7: IPD übertrifft DBB in 6 Performance-Dimensionen. WICHTIG: 'no significant cost premium' — Impl.-Kosten durch Einsparungen überkompensiert. | D7: Alle Dimensionen + Impl.-Kosten | E7: Gesamt: kein Netto-Aufpreis
B8: Fernández-Solís et al. (2015): LPS in Construction. Texas A&M University. | C8: LPS allein reduziert Terminüberschreitung um 57,9%. Produktivität +86% in Einzelfall. | D8: Termin, Produktivität | E8: Termin: +15–30%
B9: IPA-Leitfaden für Führungskräfte (2020): Allison, Ashcraft et al. — dt. Übersetzung (GLCI/IPA-Zentrum). | C9: IPA erfordert höheren Führungs- und Buchführungsaufwand. Nicht für jedes Projekt geeignet. Kleinere Projekte: Aufwand evtl. nicht gerechtfertigt. | D9: Impl.-Kosten allgemein | E9: Qualitativ: 'höherer Aufwand'
B10: KIT Gehbauer, F. (2009): Lean Management im Bauwesen. Karlsruher Institut für Technologie. | C10: Taktplanung und LPS reduzieren Bauzeit um 10–25% in deutschen Projekten. | D10: Termin, Kosten | E10: Termin: +10–25%
B11: IPA-Zentrum Deutschland (2022): IPA Charakteristika und konstitutive Modellbestandteile. | C11: Gemeinsames Risikomanagement, Konfliktlösungsmechanismen und Open Book als Kernelemente. Big Room als Implementierungsmerkmal. | D11: Konflikt, Kosten, Impl. | E11: Konflikt: +30–60%
B12: LUTZ|ABEL / Lean Const. Akademie Deutschland (2020): ALCA/LC-BVB Vertragszusätze nach VDI 2553. | C12: ALCA-Dokument als separater Vertragsbestandteil. Praxiserfahrung: juristische Erstellung ~1.500–3.000 € einmalig; laufende LPS-Moderation ~0,15–0,35% Bausumme. | D12: Impl.-Kosten ALCA/LPS | E12: Einmalig: ~0,05–0,10% Laufend: ~0,15–0,35%
B13: PwC Deutschland (2022): IPA — Integrierte Projektabwicklung (Whitepaper). | C13: IPA reduziert Terminüberschreitungen um 30–50%; Kostenüberschreitungen um 15–30%. | D13: Termin, Kosten | E13: Termin: +30–50% Kosten: +15–30%
B14: Kapellmann (2023): DAB 03.2023 Mattern/Baureis: Was ist eine IPA mit Mehrparteienvertrag? | C14: IPA-Vergütung: Selbstkosten + Overhead; HOAI bei IPA nur eingeschränkt anwendbar. Validierungsphase als Mehraufwand. | D14: Impl.-Kosten IPA, Honorarstruktur | E14: Einmalig: ~0,25–0,60% Laufend: ~0,50–1,20%
B15: BG BAU Bauportal (2020): Rodde, N.: Projektallianz, Lean und BIM. | C15: VOB-Verträge + Rahmenvereinbarung als Hybridlösung für AN in IPA. Partnering-Workshops: ~1–3 Tage einmalig je Partei. | D15: Kollaboration, Impl.-Kosten | E15: Impl.: gering (~0,02–0,06%)
B16: LeanIPD.com (2023): The cost structure of IPD projects. | C16: IPD-Contingency typischerweise ~4% der Selbstkosten. Open-Book-Buchführung erhöht Verwaltungsaufwand messbar. | D16: Impl.-Kosten IPD-Vollmodell | E16: Contingency: ~4% Open Book: ~0,3–0,8%
... B27: Rechtsgrundlagen: § 650p BGB (2018); VgV § 14/§ 127; § 97 Abs. 4 GWB. | C27: Rechtsrahmen für zielorientierte Leistungsbilder, ECI-Stufenverträge, Zuschlagskriterien und Losbildung. | D27: Vertrags-/Vergaberecht | E27: n/a (Rechtsgrundlage)
